asset_id,asset_name,asset_type,finding_type,description,risk_level,cwe_id,remediation,evidence
model-001,Customer Risk Prediction Model,Configuration,Credential Exposure,Credential stored in plaintext configuration (hardcoded_api_key),CRITICAL,CWE-798,"Rotate the credential, then load it at runtime from a secrets manager (e.g. AWS Secrets Manager, HashiCorp Vault) instead of configuration.",hardcoded_api_key: sk-p************
model-001,Customer Risk Prediction Model,Configuration,Credential Exposure,Credential stored in plaintext configuration (connection_string_credentials),CRITICAL,CWE-798,"Rotate the credential, then load it at runtime from a secrets manager (e.g. AWS Secrets Manager, HashiCorp Vault) instead of configuration.",connection_string_credentials: Secu*********
api-001-score,POST /api/v1/score,API Endpoint,Missing Authentication,API endpoint accepts unauthenticated requests,CRITICAL,CWE-306,"Require authentication (OAuth 2.0 / OIDC, mTLS, or rotated API keys).",authentication: none
api-001-score,POST /api/v1/score,API Endpoint,Unencrypted Communication,API served over plaintext HTTP,CRITICAL,CWE-319,Serve over HTTPS with TLS 1.2+ and redirect or refuse plaintext HTTP.,protocol: http
db-001,Customer Data Warehouse,Configuration,Credential Exposure,Credential stored in plaintext configuration (hardcoded_password),CRITICAL,CWE-798,"Rotate the credential, then load it at runtime from a secrets manager (e.g. AWS Secrets Manager, HashiCorp Vault) instead of configuration.",hardcoded_password: Cust***********
vector-db-001,Embeddings Store,Configuration,Credential Exposure,Credential stored in plaintext configuration (hardcoded_api_key),CRITICAL,CWE-798,"Rotate the credential, then load it at runtime from a secrets manager (e.g. AWS Secrets Manager, HashiCorp Vault) instead of configuration.",hardcoded_api_key: pcne************
cloud-storage-001,Model Artifacts S3,Storage,Public Exposure,Storage location allows public access,CRITICAL,CWE-732,Block public access and grant read access only to specific principals.,public_access: true
model-001,Customer Risk Prediction Model,ML Model,Missing Input Validation,Model endpoint does not validate inputs before inference,HIGH,CWE-20,"Validate type, schema, size, and ranges before inference; isolate untrusted text from instructions.",input_validation_enabled: false
iam-role-001,Role: ml-pipeline-role,IAM Policy,Excessive Permissions,Policy grants wildcard ('*') actions,HIGH,CWE-250,Apply least privilege: enumerate only required actions (e.g. s3:GetObject).,actions: ['*']
iam-role-001,Role: ml-pipeline-role,IAM Policy,Excessive Permissions,Policy applies to all resources ('*'),HIGH,CWE-732,Scope resources to specific ARNs (e.g. arn:aws:s3:::my-bucket/*).,resources: ['*']
dep-requests,requests==2.25.0,Dependency,Vulnerable Package,requests 2.25.0 is affected by CVE-2023-32681,HIGH,CWE-1395,Upgrade requests to >= 2.31.0 (or latest) and review CVE-2023-32681.,installed 2.25.0 < fixed 2.31.0
dep-flask,flask==1.1.2,Dependency,Vulnerable Package,flask 1.1.2 is affected by CVE-2023-30861,HIGH,CWE-1395,Upgrade flask to >= 2.2.5 (or latest) and review CVE-2023-30861.,installed 1.1.2 < fixed 2.2.5
dep-django,django==2.2.0,Dependency,Vulnerable Package,django 2.2.0 is affected by CVE-2019-14232,HIGH,CWE-1395,Upgrade django to >= 2.2.4 (or latest) and review CVE-2019-14232.,installed 2.2.0 < fixed 2.2.4
db-001,Customer Data Warehouse,Storage,Missing Encryption at Rest,Data at rest is not encrypted (backup_encryption),HIGH,CWE-311,Enable encryption at rest with a managed KMS key.,backup_encryption: false
cloud-storage-001,Model Artifacts S3,Storage,Missing Encryption at Rest,Data at rest is not encrypted (encryption),HIGH,CWE-311,Enable encryption at rest with a managed KMS key.,encryption: false
sm-endpoint-001,Risk Model SageMaker Endpoint,AWS sagemaker_endpoint,Sensitive Data Capture,Data capture stores raw inference requests/responses (likely PII) without KMS encryption,HIGH,CWE-312,"Set DataCaptureConfig.KmsKeyId, restrict the S3 prefix, and set a retention policy.","data_capture.enabled: true, kms_key_id: null"
sm-notebook-001,Data Science Notebook,AWS sagemaker_notebook,Direct Internet Access,"Notebook has direct internet access, bypassing VPC egress controls",HIGH,CWE-668,Set DirectInternetAccess=Disabled and route egress through the VPC.,direct_internet_access: Enabled
model-001,Customer Risk Prediction Model,ML Model,No Model Versioning,"Model versions are not tracked, so a tampered or regressed model cannot be detected or rolled back",MEDIUM,N/A (governance control),Track models in a registry (e.g. MLflow) with immutable versions and artifact hashes.,version_control_enabled: false
model-001,Customer Risk Prediction Model,ML Model,No Performance Monitoring,Model performance and drift are not monitored,MEDIUM,CWE-778,Monitor accuracy/drift and alert on threshold breaches.,monitoring_enabled: false
api-001-score,POST /api/v1/score,API Endpoint,Denial of Service Risk,API endpoint does not enforce rate limiting,MEDIUM,CWE-770,Enforce per-client rate limits at the gateway or application.,rate_limiting_enabled: false
api-001-score,POST /api/v1/score,API Endpoint,Missing Audit Logging,API requests are not logged,MEDIUM,CWE-778,Enable request/audit logging with PII masking and central retention.,logging_enabled: false
iam-role-001,Role: ml-pipeline-role,IAM Policy,Missing Authentication Control,Role can be assumed without multi-factor authentication,MEDIUM,CWE-308,Require MFA via policy condition aws:MultiFactorAuthPresent=true for human-assumable roles.,mfa_required: false
db-001,Customer Data Warehouse,Storage,Missing Audit Logging,Data access is not logged,MEDIUM,CWE-778,Enable access logging and ship logs to central storage.,access_logging: false
cloud-storage-001,Model Artifacts S3,Storage,No Object Versioning,Stored artifacts can be overwritten without history (model tampering risk),MEDIUM,CWE-494,Enable versioning and integrity checks (hash/signature) for model artifacts.,versioning_enabled: false
sm-endpoint-001,Risk Model SageMaker Endpoint,AWS sagemaker_endpoint,Missing Encryption at Rest,Endpoint storage volume not encrypted with a customer-managed KMS key,MEDIUM,CWE-311,Set KmsKeyId on the EndpointConfig.,kms_key_id: null
sm-endpoint-001,Risk Model SageMaker Endpoint,AWS sagemaker_endpoint,No Network Isolation,Model container can make outbound network calls (exfiltration path for a malicious model),MEDIUM,CWE-668,Set EnableNetworkIsolation=true on the Model.,enable_network_isolation: false
sm-notebook-001,Data Science Notebook,AWS sagemaker_notebook,Root Access Enabled,Notebook users have root on the instance,MEDIUM,CWE-250,Set RootAccess=Disabled.,root_access: Enabled
sm-endpoint-001,Risk Model SageMaker Endpoint,AWS sagemaker_endpoint,Not VPC-Attached,Endpoint is not attached to a private VPC,LOW,CWE-668,Provide VpcConfig with private subnets and restrictive security groups.,vpc_config: null
